tag,hostname,comments,manufacturer,model,location
AB1CD21,testhost.gsc.wustl.edu,this is a test,dell,model foo,here
,vm86.gsc.wustl.edu,,,,
,vm74.gsc.wustl.edu,,,,
,4sehalltouch,Mac SnowLeopard 6.2 4th floor hall touchscreen,,,
,admincs1.gsc.wustl.edu,Windows Together with admincs2 forms a cluster for admin serving shared folders and filemaker pro 3/5/2012,,,
,admincs2.gsc.wustl.edu,Windows Together with admincs1 forms a cluster for admin serving shared folders and filemaker pro 3/5/2012,,,
1762TH1-0939000272,linuscs81.gsc.wustl.edu,,,,
0750AM0154,linuscs50.gsc.wustl.edu,,,,
,blade7-1-1.gsc.wustl.edu,SLES 10sp2 x64 Xen VM Prod host (dvm1 dvm2 dvm4) DSG,,,
,blade7-2-1.gsc.wustl.edu,CentOS 5 x64 Zenoss/Ganglia,,,
,blade7-2-2.gsc.wustl.edu,Ubuntu 10.04 Matt C's LSOFC Server,,,
,blade7-2-3.gsc.wustl.edu,SLES 10sp2 x64 Xen VM Prod host (vm17 vm26 vm31 vm33 vm37 vm38 vm39 vm40 vm42 vm62),,,
,blade7-2-4.gsc.wustl.edu,SLES 10sp2 x64 Xen VM Prod host (vm12 vm14 vm23 vm24 vm35 vm36 vm56),,,
,blade7-2-5.gsc.wustl.edu,ESXi 4.0 ESX / VMware,,,
,blade7-2-6.gsc.wustl.edu,SLES 10sp2 x64 Xen VM Dev host (vm11 vm21 vm22 vm25 vm41 vm45 vm48 vm5 vm51 vm54),,,
,blade7-2-7.gsc.wustl.edu,SLES 10sp2 x86 mysql1.gsc.wustl.edu,,,
,blade7-2-8.gsc.wustl.edu,CentOS 5 x64 lsf RTM - taken from research to possibly replace mysql1 halted,,,
,blade7-2-9.gsc.wustl.edu,Ubuntu 8.04 LTS x64 mysql3.gsc.wustl.edu,,,
,blade7-2-10.gsc.wustl.edu,,,,
,blade7-2-11.gsc.wustl.edu,,,,
,blade7-2-12.gsc.wustl.edu,REL 5.6 VCS STORAGE FOUNDATION,,,
,blade7-2-13.gsc.wustl.edu,REL 5.6 VCS STORAGE FOUNDATION,,,
,blade7-2-14.gsc.wustl.edu,,,,
,blade7-2-15.gsc.wustl.edu,CentOS 5.5 To Be New IMAP server,,,
,blade7-2-16.gsc.wustl.edu,Ubuntu 8.04 LTS x64 gscimap.wustl.edu,,,
FY1CDH1,blade8-4-9.gsc.wustl.edu,,,,
3Y1CDH1,blade8-4-8.gsc.wustl.edu,,,,
5Y1CDH1,blade8-4-7.gsc.wustl.edu,,,,
9Y1CDH1,blade8-4-6.gsc.wustl.edu,,,,
DY1CDH1,blade8-4-5.gsc.wustl.edu,,,,
1Z1CDH1,blade8-4-4.gsc.wustl.edu,,,,
7Y1CDH1,blade8-4-3.gsc.wustl.edu,,,,
JY1CDH1,blade8-4-2.gsc.wustl.edu,,,,
2Y1CDH1,blade8-4-16.gsc.wustl.edu,,,,
6Y1CDH1,blade8-4-15.gsc.wustl.edu,,,,
BY1CDH1,blade8-4-14.gsc.wustl.edu,,,,
CY1CDH1,blade8-4-13.gsc.wustl.edu,,,,
2Z1CDH1,blade8-4-12.gsc.wustl.edu,,,,
8Y1CDH1,blade8-4-11.gsc.wustl.edu,,,,
HY1CDH1,blade8-4-10.gsc.wustl.edu,,,,
GY1CDH1,blade8-4-1.gsc.wustl.edu,Ubuntu 8.04 LTS x64 PGCP Data Transfer,,,
F1NGDH1,blade8-3-9.gsc.wustl.edu,,,,
90NGDH1,blade8-3-8.gsc.wustl.edu,,,,
41NGDH1,blade8-3-7.gsc.wustl.edu,,,,
11NGDH1,blade8-3-6.gsc.wustl.edu,,,,
31NGDH1,blade8-3-5.gsc.wustl.edu,,,,
F0NGDH1,blade8-3-4.gsc.wustl.edu,,,,
91NGDH1,blade8-3-3.gsc.wustl.edu,,,,
D1NGDH1,blade8-3-2.gsc.wustl.edu,,,,
C1NGDH1,blade8-3-16.gsc.wustl.edu,,,,
D0NGDH1,blade8-3-14.gsc.wustl.edu,,,,
51NGDH1,blade8-3-13.gsc.wustl.edu,,,,
H0NGDH1,blade8-3-12.gsc.wustl.edu,,,,
G0NGDH1,blade8-3-11.gsc.wustl.edu,,,,
H1NGDH1,blade8-3-10.gsc.wustl.edu,,,,
61NGDH1,blade8-3-1.gsc.wustl.edu,,,,
D7GFDH1,blade8-2-9.gsc.wustl.edu,,,,
57GFDH1,blade8-2-8.gsc.wustl.edu,,,,
87GFDH1,blade8-2-7.gsc.wustl.edu,,,,
97GFDH1,blade8-2-6.gsc.wustl.edu,,,,
C7GFDH1,blade8-2-5.gsc.wustl.edu,,,,
J7GFDH1,blade8-2-4.gsc.wustl.edu,,,,
37GFDH1,blade8-2-3.gsc.wustl.edu,,,,
B7GFDH1,blade8-2-2.gsc.wustl.edu,,,,
47GFDH1,blade8-2-16.gsc.wustl.edu,,,,
77GFDH1,blade8-2-15.gsc.wustl.edu,,,,
67GFDH1,blade8-2-14.gsc.wustl.edu,,,,
18GFDH1,blade8-2-13.gsc.wustl.edu,,,,
38GFDH1,blade8-2-12.gsc.wustl.edu,,,,
27GFDH1,blade8-2-11.gsc.wustl.edu,,,,
G7GFDH1,blade8-2-10.gsc.wustl.edu,,,,
H7GFDH1,blade8-2-1.gsc.wustl.edu,,,,
G5KSPH1,blade8-1-9.gsc.wustl.edu,,,,
55KSPH1,blade8-1-8.gsc.wustl.edu,,,,
25KSPH1,blade8-1-7.gsc.wustl.edu,,,,
F5KSPH1,blade8-1-6.gsc.wustl.edu,,,,
15KSPH1,blade8-1-5.gsc.wustl.edu,,,,
H5KSPH1,blade8-1-4.gsc.wustl.edu,,,,
J4KSPH1,blade8-1-3.gsc.wustl.edu,,,,
65KSPH1,blade8-1-2.gsc.wustl.edu,,,,
C5KSPH1,blade8-1-16.gsc.wustl.edu,,,,
95KSPH1,blade8-1-15.gsc.wustl.edu,,,,
B5KSPH1,blade8-1-14.gsc.wustl.edu,,,,
75KSPH1,blade8-1-13.gsc.wustl.edu,,,,
45KSPH1,blade8-1-12.gsc.wustl.edu,,,,
85KSPH1,blade8-1-11.gsc.wustl.edu,,,,
D5KSPH1,blade8-1-10.gsc.wustl.edu,,,,
35KSPH1,blade8-1-1.gsc.wustl.edu,,,,
4C1GDH1,blade9-4-9.gsc.wustl.edu,,,,
9C1GDH1,blade9-4-8.gsc.wustl.edu,,,,
7C1GDH1,blade9-4-7.gsc.wustl.edu,,,,
DB1GDH1,blade9-4-6.gsc.wustl.edu,,,,
9B1GDH1,blade9-4-5.gsc.wustl.edu,,,,
1C1GDH1,blade9-4-4.gsc.wustl.edu,,,,
FB1GDH1,blade9-4-3.gsc.wustl.edu,,,,
5C1GDH1,blade9-4-2.gsc.wustl.edu,,,,
8C1GDH1,blade9-4-16.gsc.wustl.edu,,,,
6C1GDH1,blade9-4-15.gsc.wustl.edu,,,,
BB1GDH1,blade9-4-14.gsc.wustl.edu,,,,
8B1GDH1,blade9-4-13.gsc.wustl.edu,,,,
HB1GDH1,blade9-4-12.gsc.wustl.edu,,,,
GB1GDH1,blade9-4-11.gsc.wustl.edu,,,,
2C1GDH1,blade9-4-10.gsc.wustl.edu,,,,
3C1GDH1,blade9-4-1.gsc.wustl.edu,,,,
CV3CDH1,blade9-3-9.gsc.wustl.edu,,,,
8V3CDH1,blade9-3-8.gsc.wustl.edu,,,,
1W3CDH1,blade9-3-7.gsc.wustl.edu,,,,
5V3CDH1,blade9-3-6.gsc.wustl.edu,,,,
3V3CDH1,blade9-3-5.gsc.wustl.edu,,,,
1V3CDH1,blade9-3-4.gsc.wustl.edu,,,,
6V3CDH1,blade9-3-3.gsc.wustl.edu,,,,
GV3CDH1,blade9-3-2.gsc.wustl.edu,,,,
9V3CDH1,blade9-3-16.gsc.wustl.edu,,,,
JV3CDH1,blade9-3-15.gsc.wustl.edu,,,,
2V3CDH1,blade9-3-14.gsc.wustl.edu,,,,
HV3CDH1,blade9-3-13.gsc.wustl.edu,,,,
7V3CDH1,blade9-3-12.gsc.wustl.edu,,,,
BV3CDH1,blade9-3-11.gsc.wustl.edu,,,,
FV3CDH1,blade9-3-10.gsc.wustl.edu,,,,
DV3CDH1,blade9-3-1.gsc.wustl.edu,,,,
2CVHDH1,blade9-2-9.gsc.wustl.edu,,,,
DCVHDH1,blade9-2-8.gsc.wustl.edu,,,,
HCVHDH1,blade9-2-7.gsc.wustl.edu,,,,
8CVHDH1,blade9-2-6.gsc.wustl.edu,,,,
BCVHDH1,blade9-2-5.gsc.wustl.edu,,,,
1CVHDH1,blade9-2-4.gsc.wustl.edu,,,,
HBVHDH1,blade9-2-3.gsc.wustl.edu,,,,
7CVHDH1,blade9-2-2.gsc.wustl.edu,,,,
GCVHDH1,blade9-2-16.gsc.wustl.edu,,,,
FCVHDH1,blade9-2-15.gsc.wustl.edu,,,,
9CVHDH1,blade9-2-14.gsc.wustl.edu,,,,
CCVHDH1,blade9-2-13.gsc.wustl.edu,,,,
JBVHDH1,blade9-2-12.gsc.wustl.edu,,,,
4CVHDH1,blade9-2-11.gsc.wustl.edu,,,,
5CVHDH1,blade9-2-10.gsc.wustl.edu,,,,
3CVHDH1,blade9-2-1.gsc.wustl.edu,,,,
9NP3QH1,blade9-1-9.gsc.wustl.edu,,,,
7NP3QH1,blade9-1-8.gsc.wustl.edu,,,,
6NP3QH1,blade9-1-7.gsc.wustl.edu,,,,
4NP3QH1,blade9-1-6.gsc.wustl.edu,,,,
1NP3QH1,blade9-1-5.gsc.wustl.edu,,,,
2NP3QH1,blade9-1-4.gsc.wustl.edu,,,,
JMP3QH1,blade9-1-3.gsc.wustl.edu,,,,
JNP3QH1,blade9-1-2.gsc.wustl.edu,,,,
DNP3QH1,blade9-1-16.gsc.wustl.edu,,,,
BNP3QH1,blade9-1-15.gsc.wustl.edu,,,,
3NP3QH1,blade9-1-14.gsc.wustl.edu,,,,
5NP3QH1,blade9-1-13.gsc.wustl.edu,,,,
HNP3QH1,blade9-1-12.gsc.wustl.edu,,,,
FNP3QH1,blade9-1-11.gsc.wustl.edu,,,,
CNP3QH1,blade9-1-10.gsc.wustl.edu,,,,
GNP3QH1,blade9-1-1.gsc.wustl.edu,,,,
50NGXP1,blade14-4-9.gsc.wustl.edu,,,,
31NGXP1,blade14-4-8.gsc.wustl.edu,,,,
70NGXP1,blade14-4-7.gsc.wustl.edu,,,,
B0NGXP1,blade14-4-6.gsc.wustl.edu,,,,
90NGXP1,blade14-4-5.gsc.wustl.edu,,,,
C0NGXP1,blade14-4-4.gsc.wustl.edu,,,,
F0NGXP1,blade14-4-3.gsc.wustl.edu,,,,
J0NGXP1,blade14-4-2.gsc.wustl.edu,,,,
40NGXP1,blade14-4-16.gsc.wustl.edu,,,,
80NGXP1,blade14-4-15.gsc.wustl.edu,,,,
G0NGXP1,blade14-4-14.gsc.wustl.edu,,,,
D0NGXP1,blade14-4-13.gsc.wustl.edu,,,,
21NGXP1,blade14-4-12.gsc.wustl.edu,,,,
60NGXP1,blade14-4-11.gsc.wustl.edu,,,,
H0NGXP1,blade14-4-10.gsc.wustl.edu,,,,
11NGXP1,blade14-4-1.gsc.wustl.edu,,,,
GDQGXP1,blade14-3-9.gsc.wustl.edu,,,,
7FQGXP1,blade14-3-8.gsc.wustl.edu,,,,
5FQGXP1,blade14-3-7.gsc.wustl.edu,,,,
CFQGXP1,blade14-3-6.gsc.wustl.edu,,,,
DFQGXP1,blade14-3-5.gsc.wustl.edu,,,,
JDQGXP1,blade14-3-4.gsc.wustl.edu,,,,
FFQGXP1,blade14-3-3.gsc.wustl.edu,,,,
4FQGXP1,blade14-3-2.gsc.wustl.edu,,,,
HDQGXP1,blade14-3-16.gsc.wustl.edu,,,,
2FQGXP1,blade14-3-15.gsc.wustl.edu,,,,
6FQGXP1,blade14-3-14.gsc.wustl.edu,,,,
9FQGXP1,blade14-3-13.gsc.wustl.edu,,,,
1FQGXP1,blade14-3-12.gsc.wustl.edu,,,,
3FQGXP1,blade14-3-11.gsc.wustl.edu,,,,
8FQGXP1,blade14-3-10.gsc.wustl.edu,,,,
BFQGXP1,blade14-3-1.gsc.wustl.edu,,,,
J0401Q1,blade14-2-9.gsc.wustl.edu,,,,
D0401Q1,blade14-2-8.gsc.wustl.edu,,,,
F0401Q1,blade14-2-7.gsc.wustl.edu,,,,
90401Q1,blade14-2-6.gsc.wustl.edu,,,,
11401Q1,blade14-2-5.gsc.wustl.edu,,,,
80401Q1,blade14-2-4.gsc.wustl.edu,,,,
B0401Q1,blade14-2-3.gsc.wustl.edu,,,,
H0401Q1,blade14-2-2.gsc.wustl.edu,,,,
30401Q1,blade14-2-16.gsc.wustl.edu,,,,
60401Q1,blade14-2-15.gsc.wustl.edu,,,,
40401Q1,blade14-2-14.gsc.wustl.edu,,,,
20401Q1,blade14-2-13.gsc.wustl.edu,,,,
70401Q1,blade14-2-12.gsc.wustl.edu,,,,
C0401Q1,blade14-2-11.gsc.wustl.edu,,,,
G0401Q1,blade14-2-10.gsc.wustl.edu,,,,
50401Q1,blade14-2-1.gsc.wustl.edu,,,,
5Z301Q1,blade14-1-9.gsc.wustl.edu,,,,
6Z301Q1,blade14-1-8.gsc.wustl.edu,,,,
7Z301Q1,blade14-1-7.gsc.wustl.edu,,,,
HY301Q1,blade14-1-6.gsc.wustl.edu,,,,
DZ301Q1,blade14-1-5.gsc.wustl.edu,,,,
1Z301Q1,blade14-1-4.gsc.wustl.edu,,,,
GY301Q1,blade14-1-3.gsc.wustl.edu,,,,
4Z301Q1,blade14-1-2.gsc.wustl.edu,,,,
2Z301Q1,blade14-1-16.gsc.wustl.edu,,,,
3Z301Q1,blade14-1-15.gsc.wustl.edu,,,,
8Z301Q1,blade14-1-14.gsc.wustl.edu,,,,
9Z301Q1,blade14-1-13.gsc.wustl.edu,,,,
CZ301Q1,blade14-1-12.gsc.wustl.edu,,,,
JY301Q1,blade14-1-11.gsc.wustl.edu,,,,
BZ301Q1,blade14-1-10.gsc.wustl.edu,,,,
FY301Q1,blade14-1-1.gsc.wustl.edu,,,,
G70S1P1,blade13-4-9.gsc.wustl.edu,,,,
B70S1P1,blade13-4-8.gsc.wustl.edu,,,,
770S1P1,blade13-4-7.gsc.wustl.edu,,,,
670S1P1,blade13-4-6.gsc.wustl.edu,,,,
470S1P1,blade13-4-5.gsc.wustl.edu,,,,
270S1P1,blade13-4-4.gsc.wustl.edu,,,,
370S1P1,blade13-4-3.gsc.wustl.edu,,,,
270S1P1,blade13-4-2.gsc.wustl.edu,,,,
970S1P1,blade13-4-16.gsc.wustl.edu,,,,
870S1P1,blade13-4-15.gsc.wustl.edu,,,,
D70S1P1,blade13-4-14.gsc.wustl.edu,,,,
H70S1P1,blade13-4-13.gsc.wustl.edu,,,,
J70S1P1,blade13-4-12.gsc.wustl.edu,,,,
C70S1P1,blade13-4-11.gsc.wustl.edu,,,,
F70S1P1,blade13-4-10.gsc.wustl.edu,,,,
170S1P1,blade13-4-1.gsc.wustl.edu,,,,
G7CBFP1,blade13-3-9.gsc.wustl.edu,,,,
J7CBFP1,blade13-3-8.gsc.wustl.edu,,,,
57CBFP1,blade13-3-7.gsc.wustl.edu,,,,
H7CBFP1,blade13-3-6.gsc.wustl.edu,,,,
D7CBFP1,blade13-3-5.gsc.wustl.edu,,,,
97CBFP1,blade13-3-4.gsc.wustl.edu,,,,
B7CBFP1,blade13-3-3.gsc.wustl.edu,,,,
C7CBFP1,blade13-3-2.gsc.wustl.edu,,,,
77CBFP1,blade13-3-16.gsc.wustl.edu,,,,
17CBFP1,blade13-3-15.gsc.wustl.edu,,,,
67CBFP1,blade13-3-14.gsc.wustl.edu,,,,
47CBFP1,blade13-3-13.gsc.wustl.edu,,,,
87CBFP1,blade13-3-12.gsc.wustl.edu,,,,
F7CBFP1,blade13-3-11.gsc.wustl.edu,,,,
37CBFP1,blade13-3-10.gsc.wustl.edu,,,,
27CBFP1,blade13-3-1.gsc.wustl.edu,,,,
4MBBFP1,blade13-2-9.gsc.wustl.edu,,,,
DLBBFP1,blade13-2-8.gsc.wustl.edu,,,,
FLBBFP1,blade13-2-7.gsc.wustl.edu,,,,
CLBBFP1,blade13-2-6.gsc.wustl.edu,,,,
GLBBFP1,blade13-2-5.gsc.wustl.edu,,,,
8MBBFP1,blade13-2-4.gsc.wustl.edu,,,,
HLBBFP1,blade13-2-3.gsc.wustl.edu,,,,
JLBBFP1,blade13-2-2.gsc.wustl.edu,,,,
1MBBFP1,blade13-2-16.gsc.wustl.edu,,,,
7MBBFP1,blade13-2-15.gsc.wustl.edu,,,,
9MBBFP1,blade13-2-14.gsc.wustl.edu,,,,
BMBBFP1,blade13-2-13.gsc.wustl.edu,,,,
2MBBFP1,blade13-2-12.gsc.wustl.edu,,,,
3MBBFP1,blade13-2-11.gsc.wustl.edu,,,,
5MBBFP1,blade13-2-10.gsc.wustl.edu,,,,
6MBBFP1,blade13-2-1.gsc.wustl.edu,,,,
J5CBFP1,blade13-1-9.gsc.wustl.edu,,,,
F6CBFP1,blade13-1-8.gsc.wustl.edu,,,,
56CBFP1,blade13-1-7.gsc.wustl.edu,,,,
26CBFP1,blade13-1-6.gsc.wustl.edu,,,,
36CBFP1,blade13-1-5.gsc.wustl.edu,,,,
D6CBFP1,blade13-1-4.gsc.wustl.edu,,,,
86CBFP1,blade13-1-3.gsc.wustl.edu,,,,
66CBFP1,blade13-1-2.gsc.wustl.edu,,,,
76CBFP1,blade13-1-16.gsc.wustl.edu,,,,
B6CBFP1,blade13-1-15.gsc.wustl.edu,,,,
96CBFP1,blade13-1-14.gsc.wustl.edu,,,,
C6CBFP1,blade13-1-13.gsc.wustl.edu,,,,
G6CBFP1,blade13-1-12.gsc.wustl.edu,,,,
H5CBFP1,blade13-1-11.gsc.wustl.edu,,,,
16CBFP1,blade13-1-10.gsc.wustl.edu,,,,
46CBFP1,blade13-1-1.gsc.wustl.edu,,,,
54B2SK1,blade12-4-9.gsc.wustl.edu,,,,
D4B2SK1,blade12-4-8.gsc.wustl.edu,,,,
C4B2SK1,blade12-4-7.gsc.wustl.edu,,,,
94B2SK1,blade12-4-6.gsc.wustl.edu,,,,
64B2SK1,blade12-4-5.gsc.wustl.edu,,,,
44B2SK1,blade12-4-4.gsc.wustl.edu,,,,
24B2SK1,blade12-4-3.gsc.wustl.edu,,,,
B4B2SK1,blade12-4-2.gsc.wustl.edu,,,,
F3B2SK1,blade12-4-16.gsc.wustl.edu,,,,
H3B2SK1,blade12-4-15.gsc.wustl.edu,,,,
D3B2SK1,blade12-4-14.gsc.wustl.edu,,,,
G3B2SK1,blade12-4-13.gsc.wustl.edu,,,,
J3B2SK1,blade12-4-12.gsc.wustl.edu,,,,
14B2SK1,blade12-4-11.gsc.wustl.edu,,,,
34B2SK1,blade12-4-10.gsc.wustl.edu,,,,
7C37SK1,blade12-3-9.gsc.wustl.edu,,,,
2D37SK1,blade12-3-8.gsc.wustl.edu,,,,
JC37SK1,blade12-3-7.gsc.wustl.edu,,,,
8C37SK1,blade12-3-6.gsc.wustl.edu,,,,
4C37SK1,blade12-3-4.gsc.wustl.edu,,,,
9C37SK1,blade12-3-3.gsc.wustl.edu,,,,
CC37SK1,blade12-3-2.gsc.wustl.edu,,,,
3D37SK1,blade12-3-16.gsc.wustl.edu,,,,
GC37SK1,blade12-3-15.gsc.wustl.edu,,,,
BC37SK1,blade12-3-14.gsc.wustl.edu,,,,
DC37SK1,blade12-3-13.gsc.wustl.edu,,,,
HC37SK1,blade12-3-12.gsc.wustl.edu,,,,
FC37SK1,blade12-3-11.gsc.wustl.edu,,,,
1D37SK1,blade12-3-10.gsc.wustl.edu,,,,
6C37SK1,blade12-3-1.gsc.wustl.edu,,,,
5R37SK1,blade12-2-9.gsc.wustl.edu,,,,
GR37SK1,blade12-2-8.gsc.wustl.edu,,,,
HR37SK1,blade12-2-7.gsc.wustl.edu,,,,
JQ37SK1,blade12-2-6.gsc.wustl.edu,,,,
JR37SK1,blade12-2-5.gsc.wustl.edu,,,,
4R37SK1,blade12-2-4.gsc.wustl.edu,,,,
FR37SK1,blade12-2-3.gsc.wustl.edu,,,,
2R37SK1,blade12-2-2.gsc.wustl.edu,,,,
8R37SK1,blade12-2-16.gsc.wustl.edu,,,,
BR37SK1,blade12-2-15.gsc.wustl.edu,,,,
CR37SK1,blade12-2-14.gsc.wustl.edu,,,,
DR37SK1,blade12-2-13.gsc.wustl.edu,,,,
9R37SK1,blade12-2-12.gsc.wustl.edu,,,,
7R37SK1,blade12-2-11.gsc.wustl.edu,,,,
6R37SK1,blade12-2-10.gsc.wustl.edu,,,,
3R37SK1,blade12-2-1.gsc.wustl.edu,,,,
7C17SK1,blade12-1-9.gsc.wustl.edu,,,,
HB17SK1,blade12-1-8.gsc.wustl.edu,,,,
8C17SK1,blade12-1-7.gsc.wustl.edu,,,,
1C17SK1,blade12-1-6.gsc.wustl.edu,,,,
5C17SK1,blade12-1-5.gsc.wustl.edu,,,,
9C17SK1,blade12-1-4.gsc.wustl.edu,,,,
JB17SK1,blade12-1-3.gsc.wustl.edu,,,,
2C17SK1,blade12-1-2.gsc.wustl.edu,,,,
CB17SK1,blade12-1-16.gsc.wustl.edu,,,,
GB17SK1,blade12-1-15.gsc.wustl.edu,,,,
4C17SK1,blade12-1-14.gsc.wustl.edu,,,,
DB17SK1,blade12-1-13.gsc.wustl.edu,,,,
CC17SK1,blade12-1-12.gsc.wustl.edu,,,,
3C17SK1,blade12-1-11.gsc.wustl.edu,,,,
6C17SK1,blade12-1-10.gsc.wustl.edu,,,,
FB17SK1,blade12-1-1.gsc.wustl.edu,,,,
D360QH1,blade11-4-9.gsc.wustl.edu,,,,
8LJSPH1,blade11-4-8.gsc.wustl.edu,,,,
5LJSPH1,blade11-4-7.gsc.wustl.edu,,,,
CKJSPH1,blade11-4-6.gsc.wustl.edu,,,,
9LJSPH1,blade11-4-5.gsc.wustl.edu,,,,
4LJSPH1,blade11-4-4.gsc.wustl.edu,,,,
DKJSPH1,blade11-4-3.gsc.wustl.edu,,,,
7LJSPH1,blade11-4-2.gsc.wustl.edu,,,,
B9JYPH1,blade11-4-16.gsc.wustl.edu,,,,
69JYPH1,blade11-4-15.gsc.wustl.edu,,,,
89JYPH1,blade11-4-14.gsc.wustl.edu,,,,
29JYPH1,blade11-4-13.gsc.wustl.edu,,,,
5460QH1,blade11-4-12.gsc.wustl.edu,,,,
F360QH1,blade11-4-11.gsc.wustl.edu,,,,
C460QH1,blade11-4-10.gsc.wustl.edu,,,,
3LJSPH1,blade11-4-1.gsc.wustl.edu,,,,
6460QH1,blade11-3-9.gsc.wustl.edu,,,,
JKJSPH1,blade11-3-8.gsc.wustl.edu,,,,
BLJSPH1,blade11-3-7.gsc.wustl.edu,,,,
FKJSPH1,blade11-3-6.gsc.wustl.edu,,,,
6LJSPH1,blade11-3-5.gsc.wustl.edu,,,,
2LJSPH1,blade11-3-4.gsc.wustl.edu,,,,
HKJSPH1,blade11-3-3.gsc.wustl.edu,,,,
1LJSPH1,blade11-3-2.gsc.wustl.edu,,,,
99JYPH1,blade11-3-16.gsc.wustl.edu,,,,
39JYPH1,blade11-3-15.gsc.wustl.edu,,,,
3460QH1,blade11-3-14.gsc.wustl.edu,,,,
H360QH1,blade11-3-13.gsc.wustl.edu,,,,
1460QH1,blade11-3-12.gsc.wustl.edu,,,,
B460QH1,blade11-3-11.gsc.wustl.edu,,,,
7460QH1,blade11-3-10.gsc.wustl.edu,,,,
GKJSPH1,blade11-3-1.gsc.wustl.edu,,,,
4460QH1,blade11-2-9.gsc.wustl.edu,,,,
F9JYPH1,blade11-2-8.gsc.wustl.edu,,,,
3BJYPH1,blade11-2-7.gsc.wustl.edu,,,,
5BJYPH1,blade11-2-6.gsc.wustl.edu,,,,
1BJYPH1,blade11-2-5.gsc.wustl.edu,,,,
4BJYPH1,blade11-2-4.gsc.wustl.edu,,,,
59JYPH1,blade11-2-3.gsc.wustl.edu,,,,
D9JYPH1,blade11-2-2.gsc.wustl.edu,,,,
2BJYPH1,blade11-2-16.gsc.wustl.edu,,,,
J9JYPH1,blade11-2-15.gsc.wustl.edu,,,,
2460QH1,blade11-2-14.gsc.wustl.edu,,,,
G360QH1,blade11-2-13.gsc.wustl.edu,,,,
8460QH1,blade11-2-12.gsc.wustl.edu,,,,
J360QH1,blade11-2-11.gsc.wustl.edu,,,,
9460QH1,blade11-2-10.gsc.wustl.edu,,,,
H9JYPH1,blade11-2-1.gsc.wustl.edu,,,,
JP22QH1,blade10-4-9.gsc.wustl.edu,,,,
17JYPH1,blade10-4-8.gsc.wustl.edu,,,,
F6JYPH1,blade10-4-7.gsc.wustl.edu,,,,
B7JYPH1,blade10-4-6.gsc.wustl.edu,,,,
H6JYPH1,blade10-4-5.gsc.wustl.edu,,,,
97JYPH1,blade10-4-4.gsc.wustl.edu,,,,
87JYPH1,blade10-4-3.gsc.wustl.edu,,,,
J6JYPH1,blade10-4-2.gsc.wustl.edu,,,,
5Q22QH1,blade10-4-16.gsc.wustl.edu,,,,
HP22QH1,blade10-4-15.gsc.wustl.edu,,,,
1Q22QH1,blade10-4-14.gsc.wustl.edu,,,,
2Q22QH1,blade10-4-13.gsc.wustl.edu,,,,
6Q22QH1,blade10-4-12.gsc.wustl.edu,,,,
4Q22QH1,blade10-4-11.gsc.wustl.edu,,,,
8Q22QH1,blade10-4-10.gsc.wustl.edu,,,,
37JYPH1,blade10-4-1.gsc.wustl.edu,,,,
CS80QH1,blade10-3-9.gsc.wustl.edu,,,,
47JYPH1,blade10-3-8.gsc.wustl.edu,,,,
67JYPH1,blade10-3-7.gsc.wustl.edu,,,,
D6JYPH1,blade10-3-6.gsc.wustl.edu,,,,
G6JYPH1,blade10-3-5.gsc.wustl.edu,,,,
77JYPH1,blade10-3-4.gsc.wustl.edu,,,,
C7JYPH1,blade10-3-3.gsc.wustl.edu,,,,
27JYPH1,blade10-3-2.gsc.wustl.edu,,,,
8S80QH1,blade10-3-16.gsc.wustl.edu,,,,
5S80QH1,blade10-3-15.gsc.wustl.edu,,,,
BS80QH1,blade10-3-14.gsc.wustl.edu,,,,
7S80QH1,blade10-3-13.gsc.wustl.edu,,,,
FS80QH1,blade10-3-12.gsc.wustl.edu,,,,
9S80QH1,blade10-3-11.gsc.wustl.edu,,,,
HS80QH1,blade10-3-10.gsc.wustl.edu,,,,
57JYPH1,blade10-3-1.gsc.wustl.edu,,,,
4S80QH1,blade10-2-9.gsc.wustl.edu,,,,
7Q22QH1,blade10-2-8.gsc.wustl.edu,,,,
DQ22QH1,blade10-2-7.gsc.wustl.edu,,,,
BQ22QH1,blade10-2-6.gsc.wustl.edu,,,,
GQ22QH1,blade10-2-5.gsc.wustl.edu,,,,
FQ22QH1,blade10-2-4.gsc.wustl.edu,,,,
CQ22QH1,blade10-2-3,Ubuntu 8.04 LTS x64 PacBio Development Compute Node,,,
,blade10-2-2.gsc.wustl.edu,Ubuntu 8.04 LTS x64 PacBio Production Compute Node,,,
,blade10-2-1.gsc.wustl.edu,Ubuntu 10.04 LTS x64 Temporary esxi box,,,
1T80QH1,blade10-2-16.gsc.wustl.edu,,,,
2T80QH1,blade10-2-15.gsc.wustl.edu,,,,
3T80QH1,blade10-2-14.gsc.wustl.edu,,,,
DS80QH1,blade10-2-13.gsc.wustl.edu,,,,
JS80QH1,blade10-2-12.gsc.wustl.edu,,,,
GS80QH1,blade10-2-11.gsc.wustl.edu,,,,
6S80QH1,blade10-2-10.gsc.wustl.edu,,,,
,blade10-1-1.gsc.wustl.edu,REL 5.6 VCS STORAGE FOUNDATION,,,
,blade10-1-2.gsc.wustl.edu,,,,
,blade10-1-3.gsc.wustl.edu,ESXi 4.0 ESX / VMware,,,
,blade10-1-4.gsc.wustl.edu,ESXi 4.0 ESX / VMware,,,
,blade10-1-5.gsc.wustl.edu,SLES 10sp2 x64 Xen VM Dev host (vm16 vm18 vm27 vm28 vm30 vm32 vm44 vm57 vm8),,,
,blade10-1-6.gsc.wustl.edu,,,,
,blade10-1-7.gsc.wustl.edu,,,,
,blade10-1-8.gsc.wustl.edu,,,,
,blade10-1-9.gsc.wustl.edu,Windows 2008 WDS Windows Deployment Service,,,
,blade10-1-10.gsc.wustl.edu,,,,
,blade10-1-11.gsc.wustl.edu,Windows 2003 Win36 - Citect Server Datacenter Management Server,,,
,blade10-1-12.gsc.wustl.edu,Ubuntu 10.4 OLD GenomeXfer,,,
,blade10-1-13.gsc.wustl.edu,Ubuntu 10.04.2 LTS NEW GenomeXfer,,,
,blade10-1-14.gsc.wustl.edu,Ubuntu 10.04.2 LTS,,,
,blade10-1-15.gsc.wustl.edu,,,,
,blade10-1-16.gsc.wustl.edu,,,,
,linuscs14.gsc.wustl.edu,Debian Etch Production svn and git testing,,,
,linuscs21.gsc.wustl.edu,Centos 5 oracle dw (ldb1),,,
,linuscs22.gsc.wustl.edu,CentOS 5 oracle dw (ldb2),,,
,linuscs24.gsc.wustl.edu,Debian Etch gscweb wiki searching via solr,,,
,linuscs26.gsc.wustl.edu,CentOS 5 oracle dwdev,,,
,linuscs27.gsc.wustl.edu,CentOS 5 oracle dwdev,,,
,linuscs32.gsc.wustl.edu,Debian Etch smtp (gscsmtp.wustl.edu) ntpd (ntp1),,,
,linuscs33.gsc.wustl.edu,Debian Etch webmail (gscmail.wustl.edu),,,
,linuscs35.gsc.wustl.edu,Ubuntu 8.04.3 LTS hpvpn - remote access for HP,,,
,linuscs36.gsc.wustl.edu,RHEL 4 update 6 64bit oracle olap (ldb64) - Remote Management: ssh -l admin linuscs36maint,,,
,linuscs37.gsc.wustl.edu,Debian Sarge samba (samba),,,
,linuscs39.gsc.wustl.edu,RHEL 4 update 7 64bit prod db cluster oltp - Remote Management: ssh -l root linuscs39maint,,,
,linuscs40.gsc.wustl.edu,RHEL 4 update 7 64bit prod db cluster oltp - Remote Management: ssh -l root linuscs40maint,,,
,linuscs41.gsc.wustl.edu,RHEL 4 update 7 64bit prod db cluster oltp - Remote Management: ssh -l root linuscs41maint,,,
,linuscs42.gsc.wustl.edu,RHEL 4 update 7 64bit prod db cluster oltp - Remote Management: ssh -l root linuscs42maint,,,
,linuscs45.gsc.wustl.edu,RHEL 4 update 7 64bit prod db cluster for data warehouse,,,
,linuscs46.gsc.wustl.edu,RHEL 4 update 7 64bit prod db cluster for data warehouse,,,
,linuscs47.gsc.wustl.edu,CentOS 4.7 DNS dhcp ldap server shared squid proxy,,,
,linuscs48.gsc.wustl.edu,CentOS 4.7 DNS dhcp ldap server shared,,,
,linuscs49.gsc.wustl.edu,RHEL 4 update 5 64bit OLAP Database server,,,
,linuscs50.gsc.wustl.edu,Ubuntu 8.04.2 high mem 256GB lsf node,,,
,linuscs51.gsc.wustl.edu,SLES 10 sp2 64bit nbmaster,,,
,linuscs52.gsc.wustl.edu,SLES 10 sp2 64bit NFS Server used by OSG test environment,,,
,linuscs53.gsc.wustl.edu,SLES 10 sp2 64bit DSG polyserve node dsgnfs1,,,
,linuscs54.gsc.wustl.edu,SLES 10 sp2 64bit DSG polyserve node dsgnfs2 netbackup media server,,,
,linuscs55.gsc.wustl.edu,SLES 10 sp1 64bit GSC filer nfs1 netbackup media server sata600's,,,
,linuscs56.gsc.wustl.edu,SLES 10 sp1 64bit GSC filer nfs2 netbackup client sata700's,,,
,linuscs57.gsc.wustl.edu,SLES 9 64bit DSG polyserve node dsgnfs3,,,
,linuscs58.gsc.wustl.edu,SLES 9 64bit DSG polyserve node dsgnfs4,,,
,linuscs59.gsc.wustl.edu,RHEL 4 update 7 64bit oracle,,,
,linuscs60.gsc.wustl.edu,RHEL 4 update 7 64bit oracle,,,
,linuscs61.gsc.wustl.edu,RHEL 4 update 7 64bit oracle,,,
,linuscs62.gsc.wustl.edu,SLES 9 64bit polyserve node nfs10,,,
,linuscs63.gsc.wustl.edu,SLES 9 64bit polyserve node nfs10,,,
,linuscs64.gsc.wustl.edu,SLES 9 64bit polyserve node nfs10,,,
,linuscs65.gsc.wustl.edu,SLES 9 64bit polyserve node nfs10home,,,
,linuscs66.gsc.wustl.edu,SLES 9 64bit polyserve node nfs11,,,
,linuscs67.gsc.wustl.edu,SLES 9 64bit polyserve node nfs11,,,
,linuscs68.gsc.wustl.edu,SLES 9 64bit polyserve node nfs11,,,
,linuscs69.gsc.wustl.edu,SLES 9 64bit polyserve node nfs11,,,
,linuscs70.gsc.wustl.edu,SLES 9 64bit polyserve node nfs11,,,
,linuscs71.gsc.wustl.edu,SLES 9 64bit polyserve node nfs11,,,
,linuscs72.gsc.wustl.edu,SLES 9 64bit polyserve node nfs11,,,
,linuscs73.gsc.wustl.edu,SLES 9 64bit polyserve node nfs11,,,
,linuscs74.gsc.wustl.edu,SLES 9 64bit polyserve node nfs11,,,
,linuscs75.gsc.wustl.edu,SLES 9 64bit polyserve node nfs11,,,
,linuscs76.gsc.wustl.edu,SLES 9 64bit polyserve node nfs11,,,
,linuscs77.gsc.wustl.edu,SLES 9 64bit polyserve node nfs11,,,
,linuscs78.gsc.wustl.edu,SLES 9 64bit polyserve node nfs10,,,
,linuscs79.gsc.wustl.edu,SLES 9 64bit polyserve node nfs10,,,
,linuscs80.gsc.wustl.edu,SLES 10 sp1 HP Storage Essentials,,,
,linuscs81.gsc.wustl.edu,ubuntu big mem,,,
,linuscs82.gsc.wustl.edu,SLES 10 sp2 Solexa Production volumes,,,
,linuscs83.gsc.wustl.edu,SLES 10 sp2 Solexa Production volumes,,,
,linuscs84.gsc.wustl.edu,CentOS 5.4 Solexa Production volumes,,,
,linuscs85.gsc.wustl.edu,CentOS 5.4 Solexa Production volumes,,,
,linuscs86.gsc.wustl.edu,CentOS 5.4 Solexa Production volumes,,,
,linuscs87.gsc.wustl.edu,CentOS 5.4 Solexa Production volumes,,,
,linuscs88.gsc.wustl.edu,CentOS 5.4 Pre-Production,,,
,linuscs89.gsc.wustl.edu,CentOS 5.4 Pre-Production,,,
,linuscs90.gsc.wustl.edu,CentOS 5.4 Production,,,
,linuscs91.gsc.wustl.edu,CentOS 5.4 Production,,,
,linuscs92.gsc.wustl.edu,RedHat 5.4 Pre-Production Test IBM GPFS,,,
,linuscs93.gsc.wustl.edu,RedHat 5.4 Pre-Production Test IBM GPFS,,,
,linuscs94.gsc.wustl.edu,RedHat 5.4 Pre-Production Test IBM GPFS,,,
,linuscs95.gsc.wustl.edu,RedHat 5.4 Pre-Production Test IBM GPFS,,,
,linuscs96.gsc.wustl.edu,RedHat 5.4 Pre-Production Test IBM GPFS,,,
,linuscs97.gsc.wustl.edu,RedHat 5.4 Pre-Production Test IBM GPFS,,,
,linuscs98.gsc.wustl.edu,CentOS 5.4 Pre-Production Test Hexagrid Storage,,,
,linuscs99.gsc.wustl.edu,Ubuntu 10.04 Custom Kernel Pre-Production Test Ceph1,,,
,linuscs100.gsc.wustl.edu,Ubuntu 10.04 Custom Kernel Pre-Production Test Ceph1,,,
,linuscs101.gsc.wustl.edu,Ubuntu 10.04 Custom Kernel Pre-Production Test Ceph1,,,
,linuscs102.gsc.wustl.edu,Ubuntu 10.04 Custom Kernel Pre-Production Test Ceph client,,,
,linuscs103.gsc.wustl.edu,Red Hat Enterprise Linux Server release 5.5 Pre-Production GPFS,,,
,linuscs104.gsc.wustl.edu,Red Hat Enterprise Linux Server release 5.5 Pre-Production GPFS,,,
,linuscs105.gsc.wustl.edu,Red Hat Enterprise Linux Server release 5.5 Pre-Production GPFS,,,
,linuscs106.gsc.wustl.edu,Red Hat Enterprise Linux Server release 5.5 Pre-Production GPFS,,,
,linuscs107.gsc.wustl.edu,Red Hat Enterprise Linux Server release 5.5 Pre-Production GPFS Dev,,,
,linuscs108.gsc.wustl.edu,Red Hat Enterprise Linux Server release 5.5 Pre-Production GPFS Dev,,,
,linuscs109.gsc.wustl.edu,Red Hat Enterprise Linux Server release 5.5 Pre-Production GPFS Dev,,,
,linuscs110.gsc.wustl.edu,Red Hat Enterprise Linux Server release 5.5 GPFS Production Cluster #2 client / Netbackup Media Server (GPFS NTAP10 - home volume),,,
,linuscs111.gsc.wustl.edu,Red Hat Enterprise Linux Server release 5.5 GPFS Production Cluster #2 Node,,,
,linuscs112.gsc.wustl.edu,Red Hat Enterprise Linux Server release 5.5 GPFS Production Cluster #2 Node,,,
,linuscs113.gsc.wustl.edu,Red Hat Enterprise Linux Server release 5.5 GPFS Production Cluster #2 Node,,,
,linuscs114.gsc.wustl.edu,Red Hat Enterprise Linux Server release 5.5 GPFS Production Cluster #2 Node,,,
,linuscs115.gsc.wustl.edu,Red Hat Enterprise Linux Server release 5.5 Systems-storage Test Box,,,
,linuscs116.gsc.wustl.edu,Red Hat Enterprise Linux Server release 5.5 Systems-storage Test Box,,,
,linuscs117.gsc.wustl.edu,Red Hat Enterprise Linux Server release 5.5 Production Solexa NFS Server,,,
,linuscs118.gsc.wustl.edu,Red Hat Enterprise Linux Server release 5.5 Production Solexa NFS Server,,,
,dynamics.gsc.wustl.edu,Windows server for Great Plains inventory system,,,
,elfsrv1.dsg.wustl.edu,RHEL 4 update 4 data entry intranet web SAS 9.1,,,
,dsgmail.dsg.wustl.edu,CentOS 4.7 smtp gateway IMAP internet squirrelmail web,,,
,dsgweb.dsg.wustl.edu,CentOS 4.7 internet web internet ftp mysql,,,
,hdsmgt.gsc.wustl.edu,Windows 2008 Standard x64 Hitachi Storave Navigator Modular 2/Device Manager/Tuning Manager Cisco Fabric Manager SA,,,
,tesla1.gsc.wustl.edu,OpenSuse 11.1 Dev Cuda coded blastx for tesla GPU,,,
,win37.gsc.wustl.edu,Windows 2003 RC2 64-bit RF-Coding MSSQL,,,
